[
  {
    "id": "7588d34f-ae54-4c91-94b2-80f83cefa351",
    "data": [
      {
        "text": "Desert \u0026 Drinks",
        "userDefined": false
      }
    ],
    "isTemplate": false,
    "count": 0,
    "lang": "en",
    "updated": 0
  },
  {
    "id": "682e8b24-82de-44fa-97d7-900c80b73703",
    "data": [
      {
        "text": "Desert",
        "userDefined": false
      }
    ],
    "isTemplate": false,
    "count": 0,
    "lang": "en",
    "updated": 0
  },
  {
    "id": "517e362a-592d-4117-8a3e-4ee7a0982d85",
    "data": [
      {
        "text": "Drinks",
        "userDefined": false
      }
    ],
    "isTemplate": false,
    "count": 0,
    "lang": "en",
    "updated": 0
  }
]