[
  {
    "id": "b877aa8b-3994-4245-90d1-bf69aa72cefb",
    "data": [
      {
        "text": "kachori",
        "userDefined": false
      }
    ],
    "isTemplate": false,
    "count": 0,
    "lang": "en",
    "updated": 0
  },
  {
    "id": "0e8f9267-176b-4968-9bb3-8b8009357f7e",
    "data": [
      {
        "text": "lassi",
        "userDefined": false
      }
    ],
    "isTemplate": false,
    "count": 0,
    "lang": "en",
    "updated": 0
  },
  {
    "id": "dbce9d0f-5a13-4816-bcb7-b5ab4d0e3d65",
    "data": [
      {
        "text": "soda",
        "userDefined": false
      }
    ],
    "isTemplate": false,
    "count": 0,
    "lang": "en",
    "updated": 0
  },
  {
    "id": "e210923a-490e-4eef-a234-d489a9ed3982",
    "data": [
      {
        "text": "icecream",
        "userDefined": false
      }
    ],
    "isTemplate": false,
    "count": 0,
    "lang": "en",
    "updated": 0
  },
  {
    "id": "b3727687-5a92-4ac6-a6f3-39d9893d9ecc",
    "data": [
      {
        "text": "paneer tikka",
        "userDefined": false
      }
    ],
    "isTemplate": false,
    "count": 0,
    "lang": "en",
    "updated": 0
  },
  {
    "id": "c4557e41-6889-4968-8607-13140435c1c4",
    "data": [
      {
        "text": "vegetable samosa",
        "userDefined": false
      }
    ],
    "isTemplate": false,
    "count": 0,
    "lang": "en",
    "updated": 0
  }
]